source,relation,target,value,unit,metadata,source_file
Pralsetinib,inhibits,RET - ret proto-oncogene (human),0.3,nM,IC50 (AID: 1934929),Bioactivity
Pralsetinib,inhibits,RET - ret proto-oncogene (human),0.3,nM,IC50 (AID: 1895756),Bioactivity
Pralsetinib,inhibits,RET - ret proto-oncogene (human),0.4,nM,IC50 (AID: 1934930),Bioactivity
Pralsetinib,inhibits,RET - ret proto-oncogene (human),0.4,nM,IC50 (AID: 1934928),Bioactivity
Pralsetinib,inhibits,CCDC6 - coiled-coil domain containing 6 (human),0.4,nM,IC50 (AID: 1895760),Bioactivity
Pralsetinib,inhibits,RET - ret proto-oncogene (human),0.4,nM,IC50 (AID: 1895758),Bioactivity
Pralsetinib,inhibits,RET - ret proto-oncogene (human),0.4,nM,IC50 (AID: 1895755),Bioactivity
Pralsetinib,inhibits,RET - ret proto-oncogene (human),0.4,nM,IC50 (AID: 1895760),Bioactivity
Pralsetinib,inhibits,Proto-oncogene tyrosine-protein kinase receptor Ret (human),0.4,nM,IC50 (AID: 2091116),Bioactivity
Pralsetinib,inhibits,RET - ret proto-oncogene (human),0.7,nM,IC50 (AID: 1776961),Bioactivity
Pralsetinib,inhibits,RET - ret proto-oncogene (human),0.78,nM,IC50 (AID: 1776959),Bioactivity
Pralsetinib,inhibits,RET - ret proto-oncogene (human),1.0,nM,Kd (AID: 1995913),Bioactivity
Pralsetinib,inhibits,RET - ret proto-oncogene (human),1.9300000000000002,nM,IC50 (AID: 1776960),Bioactivity
Pralsetinib,inhibits,Tyrosine-protein kinase JAK2 (human),2.0,nM,IC50 (AID: 1776972),Bioactivity
Pralsetinib,inhibits,RET - ret proto-oncogene (human),2.4,nM,IC50 (AID: 1946834),Bioactivity
Pralsetinib,inhibits,RET - ret proto-oncogene (human),4.0,nM,GI50 (AID: 1704862),Bioactivity
Pralsetinib,inhibits,KIF5B - kinesin family member 5B (human),4.0,nM,GI50 (AID: 1704858),Bioactivity
Pralsetinib,inhibits,RET - ret proto-oncogene (human),4.0,nM,GI50 (AID: 1704857),Bioactivity
Pralsetinib,inhibits,KIF5B - kinesin family member 5B (human),4.0,nM,GI50 (AID: 1704862),Bioactivity
Pralsetinib,inhibits,RET - ret proto-oncogene (human),4.0,nM,GI50 (AID: 1704858),Bioactivity
Pralsetinib,inhibits,CCDC6 - coiled-coil domain containing 6 (human),4.0,nM,GI50 (AID: 1704857),Bioactivity
Pralsetinib,inhibits,RET - ret proto-oncogene (human),5.0,nM,IC50 (AID: 1895764),Bioactivity
Pralsetinib,inhibits,KIF5B - kinesin family member 5B (human),5.0,nM,IC50 (AID: 1895764),Bioactivity
Pralsetinib,inhibits,FLT3 - fms related receptor tyrosine kinase 3 (human),6.5,nM,IC50 (AID: 1776973),Bioactivity
Pralsetinib,inhibits,RET - ret proto-oncogene (human),10.0,nM,IC50 (AID: 1806406),Bioactivity
Pralsetinib,inhibits,RET - ret proto-oncogene (human),10.0,nM,IC50 (AID: 1806405),Bioactivity
Pralsetinib,inhibits,KDR - kinase insert domain receptor (human),35.0,nM,IC50 (AID: 1895759),Bioactivity
Pralsetinib,inhibits,RET - ret proto-oncogene (human),100.0,nM,IC50 (AID: 1806406),Bioactivity
Pralsetinib,inhibits,RET - ret proto-oncogene (human),100.0,nM,IC50 (AID: 1806405),Bioactivity
Pralsetinib,inhibits,RET - ret proto-oncogene (human),500.0,nM,IC50 (AID: 1804253),Bioactivity
Pralsetinib,inhibits,RET - ret proto-oncogene (human),500.0,nM,IC50 (AID: 1804254),Bioactivity
Pralsetinib,inhibits,RET - ret proto-oncogene (human),6000.0,nM,IC50 (AID: 1804253),Bioactivity
Pralsetinib,inhibits,RET - ret proto-oncogene (human),6000.0,nM,IC50 (AID: 1804254),Bioactivity
Pralsetinib,inhibits,RET,Active,N/A,Proto-oncogene c-Ret (RET),ConsolidatedTargets
Pralsetinib,targets,RET,Active,N/A,RET,ConsolidatedTargets
Pralsetinib,inhibits,PTK2B,Active,N/A,PTK2B,ConsolidatedTargets
Pralsetinib,inhibits,RET,Active,N/A,ret proto-oncogene,ConsolidatedTargets
Pralsetinib,targets,EML4,Active,N/A,EML4,ConsolidatedTargets
Pralsetinib,inhibits,KIF5B,Active,N/A,KIF5B,ConsolidatedTargets
Pralsetinib,inhibits,KDR,Active,N/A,kinase insert domain receptor,ConsolidatedTargets
Pralsetinib,inhibits,DRD2,Active,N/A,DRD2,ConsolidatedTargets
Pralsetinib,targets,HRAS,Active,N/A,HRAS,ConsolidatedTargets
Pralsetinib,inhibits,RET,Active,N/A,RET,ConsolidatedTargets
Pralsetinib,inhibits,CCDC6,Active,N/A,CCDC6,ConsolidatedTargets
Pralsetinib,targets,RET,Active,N/A,Proto-oncogene tyrosine-protein kinase receptor Ret,ConsolidatedTargets
Pralsetinib,treats,Locally Advanced Thyroid Gland Carcinoma,Phase 2,Phase,NCT06482086,ClinicalTrials
Pralsetinib,treats,Solid Tumor,,Phase,NCT05525858,ClinicalTrials
Pralsetinib,treats,Advanced Solid Tumor,,Phase,NCT05525858,ClinicalTrials
Pralsetinib,treats,Metastatic Cancer,,Phase,NCT05525858,ClinicalTrials
Pralsetinib,treats,Advanced Unresectable or Metastatic Solid Malignancy,Phase 2,Phase,NCT04632992,ClinicalTrials
Pralsetinib,treats,Thyroid Neoplasms,Phase 4,Phase,NCT07010393,ClinicalTrials
Pralsetinib,treats,Lung Cancer Stage III,Phase 2,Phase,NCT06563999,ClinicalTrials
Pralsetinib,treats,Mutation,Phase 2,Phase,NCT06563999,ClinicalTrials
Pralsetinib,treats,Non-Small Cell Lung Cancer,,Phase,NCT04204928,ClinicalTrials
Pralsetinib,treats,Medullary Thyroid Cancer,,Phase,NCT04204928,ClinicalTrials
Pralsetinib,treats,Solid Tumors,Phase 2,Phase,NCT04589845,ClinicalTrials
Pralsetinib,treats,Medullary Thyroid Cancer,Phase 3,Phase,NCT04760288,ClinicalTrials
Pralsetinib,treats,RET-fusion Non Small Cell Lung Cancer,Phase 3,Phase,NCT04222972,ClinicalTrials
Pralsetinib,treats,Lung Neoplasm,Phase 3,Phase,NCT04222972,ClinicalTrials
Pralsetinib,treats,"Carcinoma, Non-Small-Cell Lung",Phase 3,Phase,NCT04222972,ClinicalTrials
Pralsetinib,treats,Respiratory Tract Neoplasms,Phase 3,Phase,NCT04222972,ClinicalTrials
Pralsetinib,treats,Thoracic Neoplasms,Phase 3,Phase,NCT04222972,ClinicalTrials
Pralsetinib,treats,Neoplasms by Site,Phase 3,Phase,NCT04222972,ClinicalTrials
Pralsetinib,treats,Neoplasms,Phase 3,Phase,NCT04222972,ClinicalTrials
Pralsetinib,treats,Lung Diseases,Phase 3,Phase,NCT04222972,ClinicalTrials
Pralsetinib,treats,Respiratory Tract Disease,Phase 3,Phase,NCT04222972,ClinicalTrials
Pralsetinib,treats,"Carcinoma, Bronchogenic",Phase 3,Phase,NCT04222972,ClinicalTrials
Pralsetinib,treats,Bronchial Diseases,Phase 3,Phase,NCT04222972,ClinicalTrials
Pralsetinib,treats,Head and Neck Neoplasms,Phase 3,Phase,NCT04222972,ClinicalTrials
Pralsetinib,treats,Adenocarcinoma,Phase 3,Phase,NCT04222972,ClinicalTrials
Pralsetinib,treats,Carcinoma,Phase 3,Phase,NCT04222972,ClinicalTrials
Pralsetinib,treats,Neoplasms by Histologic Type,Phase 3,Phase,NCT04222972,ClinicalTrials
Pralsetinib,treats,"Neoplasms, Germ Cell and Embryonal",Phase 3,Phase,NCT04222972,ClinicalTrials
Pralsetinib,treats,"Neoplasms, Nerve Tissue",Phase 3,Phase,NCT04222972,ClinicalTrials
Pralsetinib,treats,RET-altered Non Small Cell Lung Cancer,Phase 1/Phase 2,Phase,NCT03037385,ClinicalTrials
Pralsetinib,treats,Medullary Thyroid Cancer,Phase 1/Phase 2,Phase,NCT03037385,ClinicalTrials
Pralsetinib,treats,RET-altered Papillary Thyroid Cancer,Phase 1/Phase 2,Phase,NCT03037385,ClinicalTrials
Pralsetinib,treats,RET-altered Colon Cancer,Phase 1/Phase 2,Phase,NCT03037385,ClinicalTrials
Pralsetinib,treats,RET-altered Solid Tumors,Phase 1/Phase 2,Phase,NCT03037385,ClinicalTrials
Pralsetinib,treats,Lung Neoplasm,Phase 1/Phase 2,Phase,NCT03037385,ClinicalTrials
Pralsetinib,treats,"Carcinoma, Non-Small-Cell Lung",Phase 1/Phase 2,Phase,NCT03037385,ClinicalTrials
Pralsetinib,treats,Thyroid Diseases,Phase 1/Phase 2,Phase,NCT03037385,ClinicalTrials
Pralsetinib,treats,Thyroid Neoplasm,Phase 1/Phase 2,Phase,NCT03037385,ClinicalTrials
Pralsetinib,treats,"Thyroid Cancer, Papillary",Phase 1/Phase 2,Phase,NCT03037385,ClinicalTrials
Pralsetinib,treats,"Carcinoma, Neuroendocrine",Phase 1/Phase 2,Phase,NCT03037385,ClinicalTrials
Pralsetinib,treats,Respiratory Tract Neoplasms,Phase 1/Phase 2,Phase,NCT03037385,ClinicalTrials
Pralsetinib,treats,Thoracic Neoplasms,Phase 1/Phase 2,Phase,NCT03037385,ClinicalTrials
Pralsetinib,treats,Neoplasms by Site,Phase 1/Phase 2,Phase,NCT03037385,ClinicalTrials
Pralsetinib,treats,Neoplasms,Phase 1/Phase 2,Phase,NCT03037385,ClinicalTrials
Pralsetinib,treats,Lung Diseases,Phase 1/Phase 2,Phase,NCT03037385,ClinicalTrials
Pralsetinib,treats,Respiratory Tract Disease,Phase 1/Phase 2,Phase,NCT03037385,ClinicalTrials
Pralsetinib,treats,"Carcinoma, Bronchogenic",Phase 1/Phase 2,Phase,NCT03037385,ClinicalTrials
Pralsetinib,treats,Bronchial Neoplasms,Phase 1/Phase 2,Phase,NCT03037385,ClinicalTrials
Pralsetinib,treats,Endocrine System Diseases,Phase 1/Phase 2,Phase,NCT03037385,ClinicalTrials
Pralsetinib,treats,Endocrine Gland Neoplasm,Phase 1/Phase 2,Phase,NCT03037385,ClinicalTrials
Pralsetinib,treats,Head and Neck Neoplasms,Phase 1/Phase 2,Phase,NCT03037385,ClinicalTrials
Pralsetinib,treats,"Adenocarcinoma, Papillary",Phase 1/Phase 2,Phase,NCT03037385,ClinicalTrials
Pralsetinib,treats,Adenocarcinoma,Phase 1/Phase 2,Phase,NCT03037385,ClinicalTrials
Pralsetinib,treats,Carcinoma,Phase 1/Phase 2,Phase,NCT03037385,ClinicalTrials
Pralsetinib,treats,"Neoplasms, Glandular and Epithelial",Phase 1/Phase 2,Phase,NCT03037385,ClinicalTrials
Pralsetinib,treats,Neoplasms by Histologic Type,Phase 1/Phase 2,Phase,NCT03037385,ClinicalTrials
Pralsetinib,treats,Neuroendocrine Tumors,Phase 1/Phase 2,Phase,NCT03037385,ClinicalTrials
Pralsetinib,treats,Neuroectodermal Tumors,Phase 1/Phase 2,Phase,NCT03037385,ClinicalTrials
Pralsetinib,treats,"Neoplasms, Germ Cell and Embryonal",Phase 1/Phase 2,Phase,NCT03037385,ClinicalTrials
Pralsetinib,treats,"Neoplasms, Nerve Tissue",Phase 1/Phase 2,Phase,NCT03037385,ClinicalTrials
Pralsetinib,treats,Colonic Neoplasms,Phase 1/Phase 2,Phase,NCT03037385,ClinicalTrials
Pralsetinib,treats,Colorectal Neoplasms,Phase 1/Phase 2,Phase,NCT03037385,ClinicalTrials
Pralsetinib,treats,Intestinal Neoplasms,Phase 1/Phase 2,Phase,NCT03037385,ClinicalTrials
Pralsetinib,treats,Gastrointestinal Neoplasms,Phase 1/Phase 2,Phase,NCT03037385,ClinicalTrials
Pralsetinib,treats,Digestive System Neoplasm,Phase 1/Phase 2,Phase,NCT03037385,ClinicalTrials
Pralsetinib,treats,Digestive System Disease,Phase 1/Phase 2,Phase,NCT03037385,ClinicalTrials
Pralsetinib,treats,Gastrointestinal Disease,Phase 1/Phase 2,Phase,NCT03037385,ClinicalTrials
Pralsetinib,treats,Colonic Diseases,Phase 1/Phase 2,Phase,NCT03037385,ClinicalTrials
Pralsetinib,treats,Intestinal Disease,Phase 1/Phase 2,Phase,NCT03037385,ClinicalTrials
Pralsetinib,treats,Breast Cancer,Phase 2,Phase,NCT04591431,ClinicalTrials
Pralsetinib,treats,Gastrointestinal Cancer,Phase 2,Phase,NCT04591431,ClinicalTrials
Pralsetinib,treats,Non Small Cell Lung Cancer,Phase 2,Phase,NCT04591431,ClinicalTrials
Pralsetinib,treats,Other Cancer,Phase 2,Phase,NCT04591431,ClinicalTrials
Pralsetinib,treats,Non-small Cell Lung Cancer,Phase 2,Phase,NCT04302025,ClinicalTrials
Pralsetinib,treats,neoplasm,Phase IV,Phase,OpenTargets,OpenTargets
Pralsetinib,treats,medullary thyroid gland carcinoma,Phase IV,Phase,OpenTargets,OpenTargets
Pralsetinib,treats,cancer,Phase IV,Phase,OpenTargets,OpenTargets
Pralsetinib,treats,thyroid carcinoma,Phase II,Phase,OpenTargets,OpenTargets
Pralsetinib,treats,non-small cell lung carcinoma,Phase IV,Phase,OpenTargets,OpenTargets
Pralsetinib,co_occurs_with_chemical,Selpercatinib,Co-occurrence,Text Mining,PubChem Neighbor,C:/Users/suchi/dsc180/DSC180B-B23-Knowledge-Graph-and-Biomedical-Ontology/data/Chemical_Co-Occurrences-in-Literature_CID_129073603.json
Pralsetinib,co_occurs_with_chemical,Cabozantinib,Co-occurrence,Text Mining,PubChem Neighbor,C:/Users/suchi/dsc180/DSC180B-B23-Knowledge-Graph-and-Biomedical-Ontology/data/Chemical_Co-Occurrences-in-Literature_CID_129073603.json
Pralsetinib,co_occurs_with_chemical,Vandetanib,Co-occurrence,Text Mining,PubChem Neighbor,C:/Users/suchi/dsc180/DSC180B-B23-Knowledge-Graph-and-Biomedical-Ontology/data/Chemical_Co-Occurrences-in-Literature_CID_129073603.json
Pralsetinib,co_occurs_with_chemical,L-Tyrosine,Co-occurrence,Text Mining,PubChem Neighbor,C:/Users/suchi/dsc180/DSC180B-B23-Knowledge-Graph-and-Biomedical-Ontology/data/Chemical_Co-Occurrences-in-Literature_CID_129073603.json
Pralsetinib,co_occurs_with_chemical,2-Amino-4-chloropyridine,Co-occurrence,Text Mining,PubChem Neighbor,C:/Users/suchi/dsc180/DSC180B-B23-Knowledge-Graph-and-Biomedical-Ontology/data/Chemical_Co-Occurrences-in-Literature_CID_129073603.json
Pralsetinib,co_occurs_with_chemical,Lenvatinib,Co-occurrence,Text Mining,PubChem Neighbor,C:/Users/suchi/dsc180/DSC180B-B23-Knowledge-Graph-and-Biomedical-Ontology/data/Chemical_Co-Occurrences-in-Literature_CID_129073603.json
Pralsetinib,co_occurs_with_chemical,Entrectinib,Co-occurrence,Text Mining,PubChem Neighbor,C:/Users/suchi/dsc180/DSC180B-B23-Knowledge-Graph-and-Biomedical-Ontology/data/Chemical_Co-Occurrences-in-Literature_CID_129073603.json
Pralsetinib,co_occurs_with_chemical,Larotrectinib,Co-occurrence,Text Mining,PubChem Neighbor,C:/Users/suchi/dsc180/DSC180B-B23-Knowledge-Graph-and-Biomedical-Ontology/data/Chemical_Co-Occurrences-in-Literature_CID_129073603.json
Pralsetinib,co_occurs_with_chemical,Dabrafenib,Co-occurrence,Text Mining,PubChem Neighbor,C:/Users/suchi/dsc180/DSC180B-B23-Knowledge-Graph-and-Biomedical-Ontology/data/Chemical_Co-Occurrences-in-Literature_CID_129073603.json
Pralsetinib,co_occurs_with_chemical,Osimertinib,Co-occurrence,Text Mining,PubChem Neighbor,C:/Users/suchi/dsc180/DSC180B-B23-Knowledge-Graph-and-Biomedical-Ontology/data/Chemical_Co-Occurrences-in-Literature_CID_129073603.json
Pralsetinib,co_occurs_with_chemical,"Pemetrexed, (R)-",Co-occurrence,Text Mining,PubChem Neighbor,C:/Users/suchi/dsc180/DSC180B-B23-Knowledge-Graph-and-Biomedical-Ontology/data/Chemical_Co-Occurrences-in-Literature_CID_129073603.json
Pralsetinib,co_occurs_with_chemical,Crizotinib,Co-occurrence,Text Mining,PubChem Neighbor,C:/Users/suchi/dsc180/DSC180B-B23-Knowledge-Graph-and-Biomedical-Ontology/data/Chemical_Co-Occurrences-in-Literature_CID_129073603.json
Pralsetinib,co_occurs_with_chemical,Platinum,Co-occurrence,Text Mining,PubChem Neighbor,C:/Users/suchi/dsc180/DSC180B-B23-Knowledge-Graph-and-Biomedical-Ontology/data/Chemical_Co-Occurrences-in-Literature_CID_129073603.json
Pralsetinib,co_occurs_with_chemical,Trametinib Dimethyl Sulfoxide,Co-occurrence,Text Mining,PubChem Neighbor,C:/Users/suchi/dsc180/DSC180B-B23-Knowledge-Graph-and-Biomedical-Ontology/data/Chemical_Co-Occurrences-in-Literature_CID_129073603.json
Pralsetinib,co_occurs_with_chemical,Sorafenib Tosylate,Co-occurrence,Text Mining,PubChem Neighbor,C:/Users/suchi/dsc180/DSC180B-B23-Knowledge-Graph-and-Biomedical-Ontology/data/Chemical_Co-Occurrences-in-Literature_CID_129073603.json
Pralsetinib,co_occurs_with_chemical,Lorlatinib,Co-occurrence,Text Mining,PubChem Neighbor,C:/Users/suchi/dsc180/DSC180B-B23-Knowledge-Graph-and-Biomedical-Ontology/data/Chemical_Co-Occurrences-in-Literature_CID_129073603.json
Pralsetinib,co_occurs_with_chemical,Alectinib Hydrochloride,Co-occurrence,Text Mining,PubChem Neighbor,C:/Users/suchi/dsc180/DSC180B-B23-Knowledge-Graph-and-Biomedical-Ontology/data/Chemical_Co-Occurrences-in-Literature_CID_129073603.json
Pralsetinib,co_occurs_with_chemical,Capmatinib,Co-occurrence,Text Mining,PubChem Neighbor,C:/Users/suchi/dsc180/DSC180B-B23-Knowledge-Graph-and-Biomedical-Ontology/data/Chemical_Co-Occurrences-in-Literature_CID_129073603.json
Pralsetinib,co_occurs_with_chemical,"diammine[cyclobutane-1,1-dicarboxylato(2-)-k2O1,O1]platinum",Co-occurrence,Text Mining,PubChem Neighbor,C:/Users/suchi/dsc180/DSC180B-B23-Knowledge-Graph-and-Biomedical-Ontology/data/Chemical_Co-Occurrences-in-Literature_CID_129073603.json
Pralsetinib,co_occurs_with_chemical,Brigatinib,Co-occurrence,Text Mining,PubChem Neighbor,C:/Users/suchi/dsc180/DSC180B-B23-Knowledge-Graph-and-Biomedical-Ontology/data/Chemical_Co-Occurrences-in-Literature_CID_129073603.json
Pralsetinib,co_occurs_with_chemical,Erlotinib,Co-occurrence,Text Mining,PubChem Neighbor,C:/Users/suchi/dsc180/DSC180B-B23-Knowledge-Graph-and-Biomedical-Ontology/data/Chemical_Co-Occurrences-in-Literature_CID_129073603.json
Pralsetinib,co_occurs_with_chemical,Sunitinib,Co-occurrence,Text Mining,PubChem Neighbor,C:/Users/suchi/dsc180/DSC180B-B23-Knowledge-Graph-and-Biomedical-Ontology/data/Chemical_Co-Occurrences-in-Literature_CID_129073603.json
Pralsetinib,co_occurs_with_chemical,Calcitonin,Co-occurrence,Text Mining,PubChem Neighbor,C:/Users/suchi/dsc180/DSC180B-B23-Knowledge-Graph-and-Biomedical-Ontology/data/Chemical_Co-Occurrences-in-Literature_CID_129073603.json
Pralsetinib,co_occurs_with_chemical,Afatinib,Co-occurrence,Text Mining,PubChem Neighbor,C:/Users/suchi/dsc180/DSC180B-B23-Knowledge-Graph-and-Biomedical-Ontology/data/Chemical_Co-Occurrences-in-Literature_CID_129073603.json
Pralsetinib,co_occurs_with_chemical,Paclitaxel,Co-occurrence,Text Mining,PubChem Neighbor,C:/Users/suchi/dsc180/DSC180B-B23-Knowledge-Graph-and-Biomedical-Ontology/data/Chemical_Co-Occurrences-in-Literature_CID_129073603.json
Pralsetinib,co_occurs_with_chemical,Ponatinib,Co-occurrence,Text Mining,PubChem Neighbor,C:/Users/suchi/dsc180/DSC180B-B23-Knowledge-Graph-and-Biomedical-Ontology/data/Chemical_Co-Occurrences-in-Literature_CID_129073603.json
Pralsetinib,co_occurs_with_chemical,Vemurafenib,Co-occurrence,Text Mining,PubChem Neighbor,C:/Users/suchi/dsc180/DSC180B-B23-Knowledge-Graph-and-Biomedical-Ontology/data/Chemical_Co-Occurrences-in-Literature_CID_129073603.json
Pralsetinib,co_occurs_with_chemical,Selumetinib,Co-occurrence,Text Mining,PubChem Neighbor,C:/Users/suchi/dsc180/DSC180B-B23-Knowledge-Graph-and-Biomedical-Ontology/data/Chemical_Co-Occurrences-in-Literature_CID_129073603.json
Pralsetinib,co_occurs_with_chemical,azane;dichloroplatinum,Co-occurrence,Text Mining,PubChem Neighbor,C:/Users/suchi/dsc180/DSC180B-B23-Knowledge-Graph-and-Biomedical-Ontology/data/Chemical_Co-Occurrences-in-Literature_CID_129073603.json
Pralsetinib,co_occurs_with_chemical,Gemcitabine,Co-occurrence,Text Mining,PubChem Neighbor,C:/Users/suchi/dsc180/DSC180B-B23-Knowledge-Graph-and-Biomedical-Ontology/data/Chemical_Co-Occurrences-in-Literature_CID_129073603.json
Pralsetinib,co_occurs_with_chemical,Tepotinib,Co-occurrence,Text Mining,PubChem Neighbor,C:/Users/suchi/dsc180/DSC180B-B23-Knowledge-Graph-and-Biomedical-Ontology/data/Chemical_Co-Occurrences-in-Literature_CID_129073603.json
Pralsetinib,co_occurs_with_chemical,GlyTouCan:G91391XS,Co-occurrence,Text Mining,PubChem Neighbor,C:/Users/suchi/dsc180/DSC180B-B23-Knowledge-Graph-and-Biomedical-Ontology/data/Chemical_Co-Occurrences-in-Literature_CID_129073603.json
Pralsetinib,co_occurs_with_chemical,Ceritinib,Co-occurrence,Text Mining,PubChem Neighbor,C:/Users/suchi/dsc180/DSC180B-B23-Knowledge-Graph-and-Biomedical-Ontology/data/Chemical_Co-Occurrences-in-Literature_CID_129073603.json
Pralsetinib,co_occurs_with_chemical,Repotrectinib,Co-occurrence,Text Mining,PubChem Neighbor,C:/Users/suchi/dsc180/DSC180B-B23-Knowledge-Graph-and-Biomedical-Ontology/data/Chemical_Co-Occurrences-in-Literature_CID_129073603.json
Pralsetinib,co_occurs_with_chemical,Docetaxel,Co-occurrence,Text Mining,PubChem Neighbor,C:/Users/suchi/dsc180/DSC180B-B23-Knowledge-Graph-and-Biomedical-Ontology/data/Chemical_Co-Occurrences-in-Literature_CID_129073603.json
Pralsetinib,co_occurs_with_chemical,Pemigatinib,Co-occurrence,Text Mining,PubChem Neighbor,C:/Users/suchi/dsc180/DSC180B-B23-Knowledge-Graph-and-Biomedical-Ontology/data/Chemical_Co-Occurrences-in-Literature_CID_129073603.json
Pralsetinib,co_occurs_with_chemical,Cyanogen,Co-occurrence,Text Mining,PubChem Neighbor,C:/Users/suchi/dsc180/DSC180B-B23-Knowledge-Graph-and-Biomedical-Ontology/data/Chemical_Co-Occurrences-in-Literature_CID_129073603.json
Pralsetinib,co_occurs_with_chemical,Iodine Radioisotopes,Co-occurrence,Text Mining,PubChem Neighbor,C:/Users/suchi/dsc180/DSC180B-B23-Knowledge-Graph-and-Biomedical-Ontology/data/Chemical_Co-Occurrences-in-Literature_CID_129073603.json
Pralsetinib,co_occurs_with_chemical,Ensartinib,Co-occurrence,Text Mining,PubChem Neighbor,C:/Users/suchi/dsc180/DSC180B-B23-Knowledge-Graph-and-Biomedical-Ontology/data/Chemical_Co-Occurrences-in-Literature_CID_129073603.json
Pralsetinib,co_occurs_with_chemical,Nintedanib,Co-occurrence,Text Mining,PubChem Neighbor,C:/Users/suchi/dsc180/DSC180B-B23-Knowledge-Graph-and-Biomedical-Ontology/data/Chemical_Co-Occurrences-in-Literature_CID_129073603.json
Pralsetinib,co_occurs_with_chemical,Gefitinib,Co-occurrence,Text Mining,PubChem Neighbor,C:/Users/suchi/dsc180/DSC180B-B23-Knowledge-Graph-and-Biomedical-Ontology/data/Chemical_Co-Occurrences-in-Literature_CID_129073603.json
Pralsetinib,co_occurs_with_chemical,Piperidines,Co-occurrence,Text Mining,PubChem Neighbor,C:/Users/suchi/dsc180/DSC180B-B23-Knowledge-Graph-and-Biomedical-Ontology/data/Chemical_Co-Occurrences-in-Literature_CID_129073603.json
Pralsetinib,co_occurs_with_chemical,Creatine,Co-occurrence,Text Mining,PubChem Neighbor,C:/Users/suchi/dsc180/DSC180B-B23-Knowledge-Graph-and-Biomedical-Ontology/data/Chemical_Co-Occurrences-in-Literature_CID_129073603.json
Pralsetinib,co_occurs_with_chemical,Temozolomide,Co-occurrence,Text Mining,PubChem Neighbor,C:/Users/suchi/dsc180/DSC180B-B23-Knowledge-Graph-and-Biomedical-Ontology/data/Chemical_Co-Occurrences-in-Literature_CID_129073603.json
Pralsetinib,co_occurs_with_chemical,Tetranitromethane,Co-occurrence,Text Mining,PubChem Neighbor,C:/Users/suchi/dsc180/DSC180B-B23-Knowledge-Graph-and-Biomedical-Ontology/data/Chemical_Co-Occurrences-in-Literature_CID_129073603.json
Pralsetinib,co_occurs_with_chemical,Motesanib Diphosphate,Co-occurrence,Text Mining,PubChem Neighbor,C:/Users/suchi/dsc180/DSC180B-B23-Knowledge-Graph-and-Biomedical-Ontology/data/Chemical_Co-Occurrences-in-Literature_CID_129073603.json
Pralsetinib,co_occurs_with_chemical,Fluorodeoxyglucose,Co-occurrence,Text Mining,PubChem Neighbor,C:/Users/suchi/dsc180/DSC180B-B23-Knowledge-Graph-and-Biomedical-Ontology/data/Chemical_Co-Occurrences-in-Literature_CID_129073603.json
Pralsetinib,co_occurs_with_chemical,Methyl Ethyl Ketone,Co-occurrence,Text Mining,PubChem Neighbor,C:/Users/suchi/dsc180/DSC180B-B23-Knowledge-Graph-and-Biomedical-Ontology/data/Chemical_Co-Occurrences-in-Literature_CID_129073603.json
Pralsetinib,co_occurs_with_chemical,"l-aspartic acid, sodium salt",Co-occurrence,Text Mining,PubChem Neighbor,C:/Users/suchi/dsc180/DSC180B-B23-Knowledge-Graph-and-Biomedical-Ontology/data/Chemical_Co-Occurrences-in-Literature_CID_129073603.json
Pralsetinib,co_occurs_with_chemical,Thyroxine,Co-occurrence,Text Mining,PubChem Neighbor,C:/Users/suchi/dsc180/DSC180B-B23-Knowledge-Graph-and-Biomedical-Ontology/data/Chemical_Co-Occurrences-in-Literature_CID_129073603.json
Pralsetinib,co_occurs_with_chemical,Capecitabine,Co-occurrence,Text Mining,PubChem Neighbor,C:/Users/suchi/dsc180/DSC180B-B23-Knowledge-Graph-and-Biomedical-Ontology/data/Chemical_Co-Occurrences-in-Literature_CID_129073603.json
Pralsetinib,co_occurs_with_chemical,Etoposide,Co-occurrence,Text Mining,PubChem Neighbor,C:/Users/suchi/dsc180/DSC180B-B23-Knowledge-Graph-and-Biomedical-Ontology/data/Chemical_Co-Occurrences-in-Literature_CID_129073603.json
Pralsetinib,co_occurs_with_chemical,Tucatinib,Co-occurrence,Text Mining,PubChem Neighbor,C:/Users/suchi/dsc180/DSC180B-B23-Knowledge-Graph-and-Biomedical-Ontology/data/Chemical_Co-Occurrences-in-Literature_CID_129073603.json
Pralsetinib,co_occurs_with_chemical,Sotorasib,Co-occurrence,Text Mining,PubChem Neighbor,C:/Users/suchi/dsc180/DSC180B-B23-Knowledge-Graph-and-Biomedical-Ontology/data/Chemical_Co-Occurrences-in-Literature_CID_129073603.json
Pralsetinib,co_occurs_with_chemical,Agerafenib,Co-occurrence,Text Mining,PubChem Neighbor,C:/Users/suchi/dsc180/DSC180B-B23-Knowledge-Graph-and-Biomedical-Ontology/data/Chemical_Co-Occurrences-in-Literature_CID_129073603.json
Pralsetinib,co_occurs_with_chemical,Fludeoxyglucose F-18,Co-occurrence,Text Mining,PubChem Neighbor,C:/Users/suchi/dsc180/DSC180B-B23-Knowledge-Graph-and-Biomedical-Ontology/data/Chemical_Co-Occurrences-in-Literature_CID_129073603.json
Pralsetinib,co_occurs_with_chemical,Selitrectinib,Co-occurrence,Text Mining,PubChem Neighbor,C:/Users/suchi/dsc180/DSC180B-B23-Knowledge-Graph-and-Biomedical-Ontology/data/Chemical_Co-Occurrences-in-Literature_CID_129073603.json
Pralsetinib,co_occurs_with_chemical,Cobimetinib (racemate),Co-occurrence,Text Mining,PubChem Neighbor,C:/Users/suchi/dsc180/DSC180B-B23-Knowledge-Graph-and-Biomedical-Ontology/data/Chemical_Co-Occurrences-in-Literature_CID_129073603.json
Pralsetinib,co_occurs_with_chemical,"Methyl (1R,10S,11R,19R)-11-acetyloxy-12-ethyl-4-[(12R,13S,14S)-16-ethyl-12-methoxycarbonyl-1,10-diazatetracyclo[12.3.1.03,11.04,9]octadeca-3(11),4,6,8,15-pentaen-13-yl]-10-hydroxy-5-methoxy-8-methyl-8,16-diazapentacyclo[10.6.1.01,9.02,7.016,19]nonadeca-2(7),3,5,13-tetraene-10-carboxylate",Co-occurrence,Text Mining,PubChem Neighbor,C:/Users/suchi/dsc180/DSC180B-B23-Knowledge-Graph-and-Biomedical-Ontology/data/Chemical_Co-Occurrences-in-Literature_CID_129073603.json
Pralsetinib,co_occurs_with_chemical,"5-Chloro-N2-(4-(4-(dimethylamino)-1-piperidinyl)-2-methoxyphenyl)-N4-(2-(dimethylphosphinyl)phenyl)-2,4-pyrimidinediamine",Co-occurrence,Text Mining,PubChem Neighbor,C:/Users/suchi/dsc180/DSC180B-B23-Knowledge-Graph-and-Biomedical-Ontology/data/Chemical_Co-Occurrences-in-Literature_CID_129073603.json
Pralsetinib,co_occurs_with_chemical,Dacomitinib,Co-occurrence,Text Mining,PubChem Neighbor,C:/Users/suchi/dsc180/DSC180B-B23-Knowledge-Graph-and-Biomedical-Ontology/data/Chemical_Co-Occurrences-in-Literature_CID_129073603.json
Pralsetinib,co_occurs_with_chemical,D-Cysteine,Co-occurrence,Text Mining,PubChem Neighbor,C:/Users/suchi/dsc180/DSC180B-B23-Knowledge-Graph-and-Biomedical-Ontology/data/Chemical_Co-Occurrences-in-Literature_CID_129073603.json
Pralsetinib,co_occurs_with_chemical,Zoledronic Acid,Co-occurrence,Text Mining,PubChem Neighbor,C:/Users/suchi/dsc180/DSC180B-B23-Knowledge-Graph-and-Biomedical-Ontology/data/Chemical_Co-Occurrences-in-Literature_CID_129073603.json
Pralsetinib,co_occurs_with_chemical,Erdafitinib,Co-occurrence,Text Mining,PubChem Neighbor,C:/Users/suchi/dsc180/DSC180B-B23-Knowledge-Graph-and-Biomedical-Ontology/data/Chemical_Co-Occurrences-in-Literature_CID_129073603.json
Pralsetinib,co_occurs_with_chemical,Everolimus,Co-occurrence,Text Mining,PubChem Neighbor,C:/Users/suchi/dsc180/DSC180B-B23-Knowledge-Graph-and-Biomedical-Ontology/data/Chemical_Co-Occurrences-in-Literature_CID_129073603.json
Pralsetinib,co_occurs_with_chemical,Imatinib,Co-occurrence,Text Mining,PubChem Neighbor,C:/Users/suchi/dsc180/DSC180B-B23-Knowledge-Graph-and-Biomedical-Ontology/data/Chemical_Co-Occurrences-in-Literature_CID_129073603.json
Pralsetinib,co_occurs_with_chemical,creatinine,Co-occurrence,Text Mining,PubChem Neighbor,C:/Users/suchi/dsc180/DSC180B-B23-Knowledge-Graph-and-Biomedical-Ontology/data/Chemical_Co-Occurrences-in-Literature_CID_129073603.json
Pralsetinib,co_occurs_with_chemical,L-Alanine,Co-occurrence,Text Mining,PubChem Neighbor,C:/Users/suchi/dsc180/DSC180B-B23-Knowledge-Graph-and-Biomedical-Ontology/data/Chemical_Co-Occurrences-in-Literature_CID_129073603.json
Pralsetinib,co_occurs_with_chemical,Encorafenib,Co-occurrence,Text Mining,PubChem Neighbor,C:/Users/suchi/dsc180/DSC180B-B23-Knowledge-Graph-and-Biomedical-Ontology/data/Chemical_Co-Occurrences-in-Literature_CID_129073603.json
Pralsetinib,co_occurs_with_chemical,Dacarbazine,Co-occurrence,Text Mining,PubChem Neighbor,C:/Users/suchi/dsc180/DSC180B-B23-Knowledge-Graph-and-Biomedical-Ontology/data/Chemical_Co-Occurrences-in-Literature_CID_129073603.json
Pralsetinib,co_occurs_with_chemical,4-(3-Chloro-4-(((cyclopropylamino)carbonyl)amino)phenoxy)-7-hydroxy-6-quinolinecarboxamide,Co-occurrence,Text Mining,PubChem Neighbor,C:/Users/suchi/dsc180/DSC180B-B23-Knowledge-Graph-and-Biomedical-Ontology/data/Chemical_Co-Occurrences-in-Literature_CID_129073603.json
Pralsetinib,co_occurs_with_chemical,Eosin,Co-occurrence,Text Mining,PubChem Neighbor,C:/Users/suchi/dsc180/DSC180B-B23-Knowledge-Graph-and-Biomedical-Ontology/data/Chemical_Co-Occurrences-in-Literature_CID_129073603.json
Pralsetinib,co_occurs_with_chemical,Palbociclib,Co-occurrence,Text Mining,PubChem Neighbor,C:/Users/suchi/dsc180/DSC180B-B23-Knowledge-Graph-and-Biomedical-Ontology/data/Chemical_Co-Occurrences-in-Literature_CID_129073603.json
Pralsetinib,co_occurs_with_chemical,Neratinib,Co-occurrence,Text Mining,PubChem Neighbor,C:/Users/suchi/dsc180/DSC180B-B23-Knowledge-Graph-and-Biomedical-Ontology/data/Chemical_Co-Occurrences-in-Literature_CID_129073603.json
Pralsetinib,co_occurs_with_chemical,Acetonitrile,Co-occurrence,Text Mining,PubChem Neighbor,C:/Users/suchi/dsc180/DSC180B-B23-Knowledge-Graph-and-Biomedical-Ontology/data/Chemical_Co-Occurrences-in-Literature_CID_129073603.json
Pralsetinib,co_occurs_with_chemical,Formaldehyde,Co-occurrence,Text Mining,PubChem Neighbor,C:/Users/suchi/dsc180/DSC180B-B23-Knowledge-Graph-and-Biomedical-Ontology/data/Chemical_Co-Occurrences-in-Literature_CID_129073603.json
Pralsetinib,co_occurs_with_chemical,Poziotinib,Co-occurrence,Text Mining,PubChem Neighbor,C:/Users/suchi/dsc180/DSC180B-B23-Knowledge-Graph-and-Biomedical-Ontology/data/Chemical_Co-Occurrences-in-Literature_CID_129073603.json
Pralsetinib,co_occurs_with_chemical,Alpelisib,Co-occurrence,Text Mining,PubChem Neighbor,C:/Users/suchi/dsc180/DSC180B-B23-Knowledge-Graph-and-Biomedical-Ontology/data/Chemical_Co-Occurrences-in-Literature_CID_129073603.json
Pralsetinib,co_occurs_with_chemical,Valganciclovir,Co-occurrence,Text Mining,PubChem Neighbor,C:/Users/suchi/dsc180/DSC180B-B23-Knowledge-Graph-and-Biomedical-Ontology/data/Chemical_Co-Occurrences-in-Literature_CID_129073603.json
Pralsetinib,co_occurs_with_chemical,Formic Acid,Co-occurrence,Text Mining,PubChem Neighbor,C:/Users/suchi/dsc180/DSC180B-B23-Knowledge-Graph-and-Biomedical-Ontology/data/Chemical_Co-Occurrences-in-Literature_CID_129073603.json
Pralsetinib,co_occurs_with_chemical,Entecavir,Co-occurrence,Text Mining,PubChem Neighbor,C:/Users/suchi/dsc180/DSC180B-B23-Knowledge-Graph-and-Biomedical-Ontology/data/Chemical_Co-Occurrences-in-Literature_CID_129073603.json
Pralsetinib,co_occurs_with_chemical,Hematoxyline,Co-occurrence,Text Mining,PubChem Neighbor,C:/Users/suchi/dsc180/DSC180B-B23-Knowledge-Graph-and-Biomedical-Ontology/data/Chemical_Co-Occurrences-in-Literature_CID_129073603.json
Pralsetinib,co_occurs_with_chemical,Bilirubin,Co-occurrence,Text Mining,PubChem Neighbor,C:/Users/suchi/dsc180/DSC180B-B23-Knowledge-Graph-and-Biomedical-Ontology/data/Chemical_Co-Occurrences-in-Literature_CID_129073603.json
Pralsetinib,co_occurs_with_chemical,Pazopanib Hydrochloride,Co-occurrence,Text Mining,PubChem Neighbor,C:/Users/suchi/dsc180/DSC180B-B23-Knowledge-Graph-and-Biomedical-Ontology/data/Chemical_Co-Occurrences-in-Literature_CID_129073603.json
Pralsetinib,co_occurs_with_chemical,Pyrimidinones,Co-occurrence,Text Mining,PubChem Neighbor,C:/Users/suchi/dsc180/DSC180B-B23-Knowledge-Graph-and-Biomedical-Ontology/data/Chemical_Co-Occurrences-in-Literature_CID_129073603.json
Pralsetinib,co_occurs_with_chemical,Avapritinib,Co-occurrence,Text Mining,PubChem Neighbor,C:/Users/suchi/dsc180/DSC180B-B23-Knowledge-Graph-and-Biomedical-Ontology/data/Chemical_Co-Occurrences-in-Literature_CID_129073603.json
Pralsetinib,co_occurs_with_chemical,Elacridar,Co-occurrence,Text Mining,PubChem Neighbor,C:/Users/suchi/dsc180/DSC180B-B23-Knowledge-Graph-and-Biomedical-Ontology/data/Chemical_Co-Occurrences-in-Literature_CID_129073603.json
Pralsetinib,co_occurs_with_chemical,Iodine,Co-occurrence,Text Mining,PubChem Neighbor,C:/Users/suchi/dsc180/DSC180B-B23-Knowledge-Graph-and-Biomedical-Ontology/data/Chemical_Co-Occurrences-in-Literature_CID_129073603.json
Pralsetinib,co_occurs_with_chemical,Sodium Iodide,Co-occurrence,Text Mining,PubChem Neighbor,C:/Users/suchi/dsc180/DSC180B-B23-Knowledge-Graph-and-Biomedical-Ontology/data/Chemical_Co-Occurrences-in-Literature_CID_129073603.json
Pralsetinib,co_occurs_with_chemical,"5-[2-(8-amino-1,7-naphthyridin-5-yl)ethynyl]-N-[4-[(4-methylpiperazin-1-yl)methyl]-3-(trifluoromethyl)phenyl]pyridine-3-carboxamide",Co-occurrence,Text Mining,PubChem Neighbor,C:/Users/suchi/dsc180/DSC180B-B23-Knowledge-Graph-and-Biomedical-Ontology/data/Chemical_Co-Occurrences-in-Literature_CID_129073603.json
Pralsetinib,co_occurs_with_chemical,"(1,1'-Biphenyl)-3,3',4,4'-tetramine tetrahydrochloride dihydrate",Co-occurrence,Text Mining,PubChem Neighbor,C:/Users/suchi/dsc180/DSC180B-B23-Knowledge-Graph-and-Biomedical-Ontology/data/Chemical_Co-Occurrences-in-Literature_CID_129073603.json
Pralsetinib,co_occurs_with_chemical,"2,2'-((Dihydro-2-(4-pyridinyl)-1,3(2H,4H)-pyrimidinediyl)bis(methylene))bis(N,N-dimethylbenzenamine)",Co-occurrence,Text Mining,PubChem Neighbor,C:/Users/suchi/dsc180/DSC180B-B23-Knowledge-Graph-and-Biomedical-Ontology/data/Chemical_Co-Occurrences-in-Literature_CID_129073603.json
Pralsetinib,co_occurs_with_chemical,Somatostatin,Co-occurrence,Text Mining,PubChem Neighbor,C:/Users/suchi/dsc180/DSC180B-B23-Knowledge-Graph-and-Biomedical-Ontology/data/Chemical_Co-Occurrences-in-Literature_CID_129073603.json
Pralsetinib,co_occurs_with_chemical,Adagrasib,Co-occurrence,Text Mining,PubChem Neighbor,C:/Users/suchi/dsc180/DSC180B-B23-Knowledge-Graph-and-Biomedical-Ontology/data/Chemical_Co-Occurrences-in-Literature_CID_129073603.json
Pralsetinib,co_occurs_with_chemical,Arsenic Trioxide,Co-occurrence,Text Mining,PubChem Neighbor,C:/Users/suchi/dsc180/DSC180B-B23-Knowledge-Graph-and-Biomedical-Ontology/data/Chemical_Co-Occurrences-in-Literature_CID_129073603.json
Pralsetinib,co_occurs_with_chemical,Ivosidenib,Co-occurrence,Text Mining,PubChem Neighbor,C:/Users/suchi/dsc180/DSC180B-B23-Knowledge-Graph-and-Biomedical-Ontology/data/Chemical_Co-Occurrences-in-Literature_CID_129073603.json
Pralsetinib,co_occurs_with_chemical,Irinotecan,Co-occurrence,Text Mining,PubChem Neighbor,C:/Users/suchi/dsc180/DSC180B-B23-Knowledge-Graph-and-Biomedical-Ontology/data/Chemical_Co-Occurrences-in-Literature_CID_129073603.json
Pralsetinib,co_occurs_with_chemical,Doxorubicin,Co-occurrence,Text Mining,PubChem Neighbor,C:/Users/suchi/dsc180/DSC180B-B23-Knowledge-Graph-and-Biomedical-Ontology/data/Chemical_Co-Occurrences-in-Literature_CID_129073603.json
Pralsetinib,co_occurs_with_chemical,Lambrolizumab,Co-occurrence,Text Mining,PubChem Neighbor,C:/Users/suchi/dsc180/DSC180B-B23-Knowledge-Graph-and-Biomedical-Ontology/data/Chemical_Co-Occurrences-in-Literature_CID_129073603.json
Pralsetinib,co_occurs_with_chemical,Estradiol,Co-occurrence,Text Mining,PubChem Neighbor,C:/Users/suchi/dsc180/DSC180B-B23-Knowledge-Graph-and-Biomedical-Ontology/data/Chemical_Co-Occurrences-in-Literature_CID_129073603.json
Pralsetinib,co_occurs_with_gene,ret proto-oncogene,Co-occurrence,Text Mining,PubChem Neighbor,C:/Users/suchi/dsc180/DSC180B-B23-Knowledge-Graph-and-Biomedical-Ontology/data/Chemical_Gene-Co-Occurrences-in-Literature_CID_129073603.json
Pralsetinib,co_occurs_with_gene,tyrosine kinase non receptor 1,Co-occurrence,Text Mining,PubChem Neighbor,C:/Users/suchi/dsc180/DSC180B-B23-Knowledge-Graph-and-Biomedical-Ontology/data/Chemical_Gene-Co-Occurrences-in-Literature_CID_129073603.json
Pralsetinib,co_occurs_with_gene,kinesin family member 5b,Co-occurrence,Text Mining,PubChem Neighbor,C:/Users/suchi/dsc180/DSC180B-B23-Knowledge-Graph-and-Biomedical-Ontology/data/Chemical_Gene-Co-Occurrences-in-Literature_CID_129073603.json
Pralsetinib,co_occurs_with_gene,coiled-coil domain containing 6,Co-occurrence,Text Mining,PubChem Neighbor,C:/Users/suchi/dsc180/DSC180B-B23-Knowledge-Graph-and-Biomedical-Ontology/data/Chemical_Gene-Co-Occurrences-in-Literature_CID_129073603.json
Pralsetinib,co_occurs_with_gene,zinc finger mynd-type containing 10,Co-occurrence,Text Mining,PubChem Neighbor,C:/Users/suchi/dsc180/DSC180B-B23-Knowledge-Graph-and-Biomedical-Ontology/data/Chemical_Gene-Co-Occurrences-in-Literature_CID_129073603.json
Pralsetinib,co_occurs_with_gene,epidermal growth factor receptor,Co-occurrence,Text Mining,PubChem Neighbor,C:/Users/suchi/dsc180/DSC180B-B23-Knowledge-Graph-and-Biomedical-Ontology/data/Chemical_Gene-Co-Occurrences-in-Literature_CID_129073603.json
Pralsetinib,co_occurs_with_gene,"b-raf proto-oncogene, serine/threonine kinase",Co-occurrence,Text Mining,PubChem Neighbor,C:/Users/suchi/dsc180/DSC180B-B23-Knowledge-Graph-and-Biomedical-Ontology/data/Chemical_Gene-Co-Occurrences-in-Literature_CID_129073603.json
Pralsetinib,co_occurs_with_gene,"ros proto-oncogene 1, receptor tyrosine kinase",Co-occurrence,Text Mining,PubChem Neighbor,C:/Users/suchi/dsc180/DSC180B-B23-Knowledge-Graph-and-Biomedical-Ontology/data/Chemical_Gene-Co-Occurrences-in-Literature_CID_129073603.json
Pralsetinib,co_occurs_with_gene,cd274 molecule,Co-occurrence,Text Mining,PubChem Neighbor,C:/Users/suchi/dsc180/DSC180B-B23-Knowledge-Graph-and-Biomedical-Ontology/data/Chemical_Gene-Co-Occurrences-in-Literature_CID_129073603.json
Pralsetinib,co_occurs_with_gene,calcitonin related polypeptide alpha,Co-occurrence,Text Mining,PubChem Neighbor,C:/Users/suchi/dsc180/DSC180B-B23-Knowledge-Graph-and-Biomedical-Ontology/data/Chemical_Gene-Co-Occurrences-in-Literature_CID_129073603.json
Pralsetinib,co_occurs_with_gene,potassium voltage-gated channel subfamily a member 1,Co-occurrence,Text Mining,PubChem Neighbor,C:/Users/suchi/dsc180/DSC180B-B23-Knowledge-Graph-and-Biomedical-Ontology/data/Chemical_Gene-Co-Occurrences-in-Literature_CID_129073603.json
Pralsetinib,co_occurs_with_gene,kinase insert domain receptor,Co-occurrence,Text Mining,PubChem Neighbor,C:/Users/suchi/dsc180/DSC180B-B23-Knowledge-Graph-and-Biomedical-Ontology/data/Chemical_Gene-Co-Occurrences-in-Literature_CID_129073603.json
Pralsetinib,co_occurs_with_gene,tumor protein p53,Co-occurrence,Text Mining,PubChem Neighbor,C:/Users/suchi/dsc180/DSC180B-B23-Knowledge-Graph-and-Biomedical-Ontology/data/Chemical_Gene-Co-Occurrences-in-Literature_CID_129073603.json
Pralsetinib,co_occurs_with_gene,nuclear receptor coactivator 4,Co-occurrence,Text Mining,PubChem Neighbor,C:/Users/suchi/dsc180/DSC180B-B23-Knowledge-Graph-and-Biomedical-Ontology/data/Chemical_Gene-Co-Occurrences-in-Literature_CID_129073603.json
Pralsetinib,co_occurs_with_gene,erb-b2 receptor tyrosine kinase 2,Co-occurrence,Text Mining,PubChem Neighbor,C:/Users/suchi/dsc180/DSC180B-B23-Knowledge-Graph-and-Biomedical-Ontology/data/Chemical_Gene-Co-Occurrences-in-Literature_CID_129073603.json
Pralsetinib,co_occurs_with_gene,"phosphatidylinositol-4,5-bisphosphate 3-kinase catalytic subunit alpha",Co-occurrence,Text Mining,PubChem Neighbor,C:/Users/suchi/dsc180/DSC180B-B23-Knowledge-Graph-and-Biomedical-Ontology/data/Chemical_Gene-Co-Occurrences-in-Literature_CID_129073603.json
Pralsetinib,co_occurs_with_gene,programmed cell death 1,Co-occurrence,Text Mining,PubChem Neighbor,C:/Users/suchi/dsc180/DSC180B-B23-Knowledge-Graph-and-Biomedical-Ontology/data/Chemical_Gene-Co-Occurrences-in-Literature_CID_129073603.json
Pralsetinib,co_occurs_with_gene,cea cell adhesion molecule 5,Co-occurrence,Text Mining,PubChem Neighbor,C:/Users/suchi/dsc180/DSC180B-B23-Knowledge-Graph-and-Biomedical-Ontology/data/Chemical_Gene-Co-Occurrences-in-Literature_CID_129073603.json
Pralsetinib,co_occurs_with_gene,aspartate transaminase,Co-occurrence,Text Mining,PubChem Neighbor,C:/Users/suchi/dsc180/DSC180B-B23-Knowledge-Graph-and-Biomedical-Ontology/data/Chemical_Gene-Co-Occurrences-in-Literature_CID_129073603.json
Pralsetinib,co_occurs_with_gene,cytochrome p450 family 3 subfamily a member 4,Co-occurrence,Text Mining,PubChem Neighbor,C:/Users/suchi/dsc180/DSC180B-B23-Knowledge-Graph-and-Biomedical-Ontology/data/Chemical_Gene-Co-Occurrences-in-Literature_CID_129073603.json
Pralsetinib,co_occurs_with_gene,ankyrin 3,Co-occurrence,Text Mining,PubChem Neighbor,C:/Users/suchi/dsc180/DSC180B-B23-Knowledge-Graph-and-Biomedical-Ontology/data/Chemical_Gene-Co-Occurrences-in-Literature_CID_129073603.json
Pralsetinib,co_occurs_with_gene,emap like 4,Co-occurrence,Text Mining,PubChem Neighbor,C:/Users/suchi/dsc180/DSC180B-B23-Knowledge-Graph-and-Biomedical-Ontology/data/Chemical_Gene-Co-Occurrences-in-Literature_CID_129073603.json
Pralsetinib,co_occurs_with_gene,thyroid peroxidase,Co-occurrence,Text Mining,PubChem Neighbor,C:/Users/suchi/dsc180/DSC180B-B23-Knowledge-Graph-and-Biomedical-Ontology/data/Chemical_Gene-Co-Occurrences-in-Literature_CID_129073603.json
Pralsetinib,co_occurs_with_gene,platelet derived growth factor receptor beta,Co-occurrence,Text Mining,PubChem Neighbor,C:/Users/suchi/dsc180/DSC180B-B23-Knowledge-Graph-and-Biomedical-Ontology/data/Chemical_Gene-Co-Occurrences-in-Literature_CID_129073603.json
Pralsetinib,co_occurs_with_gene,protein bel-1,Co-occurrence,Text Mining,PubChem Neighbor,C:/Users/suchi/dsc180/DSC180B-B23-Knowledge-Graph-and-Biomedical-Ontology/data/Chemical_Gene-Co-Occurrences-in-Literature_CID_129073603.json
Pralsetinib,co_occurs_with_gene,atp binding cassette subfamily b member 1,Co-occurrence,Text Mining,PubChem Neighbor,C:/Users/suchi/dsc180/DSC180B-B23-Knowledge-Graph-and-Biomedical-Ontology/data/Chemical_Gene-Co-Occurrences-in-Literature_CID_129073603.json
Pralsetinib,co_occurs_with_gene,receptor protein-tyrosine kinase,Co-occurrence,Text Mining,PubChem Neighbor,C:/Users/suchi/dsc180/DSC180B-B23-Knowledge-Graph-and-Biomedical-Ontology/data/Chemical_Gene-Co-Occurrences-in-Literature_CID_129073603.json
Pralsetinib,co_occurs_with_gene,fibroblast growth factor receptor 3,Co-occurrence,Text Mining,PubChem Neighbor,C:/Users/suchi/dsc180/DSC180B-B23-Knowledge-Graph-and-Biomedical-Ontology/data/Chemical_Gene-Co-Occurrences-in-Literature_CID_129073603.json
Pralsetinib,co_occurs_with_gene,rb transcriptional corepressor 1,Co-occurrence,Text Mining,PubChem Neighbor,C:/Users/suchi/dsc180/DSC180B-B23-Knowledge-Graph-and-Biomedical-Ontology/data/Chemical_Gene-Co-Occurrences-in-Literature_CID_129073603.json
Pralsetinib,co_occurs_with_gene,microrna 8070,Co-occurrence,Text Mining,PubChem Neighbor,C:/Users/suchi/dsc180/DSC180B-B23-Knowledge-Graph-and-Biomedical-Ontology/data/Chemical_Gene-Co-Occurrences-in-Literature_CID_129073603.json
Pralsetinib,co_occurs_with_gene,microrna 4299,Co-occurrence,Text Mining,PubChem Neighbor,C:/Users/suchi/dsc180/DSC180B-B23-Knowledge-Graph-and-Biomedical-Ontology/data/Chemical_Gene-Co-Occurrences-in-Literature_CID_129073603.json
Pralsetinib,co_occurs_with_gene,neurotrophic receptor tyrosine kinase 1,Co-occurrence,Text Mining,PubChem Neighbor,C:/Users/suchi/dsc180/DSC180B-B23-Knowledge-Graph-and-Biomedical-Ontology/data/Chemical_Gene-Co-Occurrences-in-Literature_CID_129073603.json
Pralsetinib,co_occurs_with_gene,mab-21 like 4,Co-occurrence,Text Mining,PubChem Neighbor,C:/Users/suchi/dsc180/DSC180B-B23-Knowledge-Graph-and-Biomedical-Ontology/data/Chemical_Gene-Co-Occurrences-in-Literature_CID_129073603.json
Pralsetinib,co_occurs_with_gene,akt serine/threonine kinase 1,Co-occurrence,Text Mining,PubChem Neighbor,C:/Users/suchi/dsc180/DSC180B-B23-Knowledge-Graph-and-Biomedical-Ontology/data/Chemical_Gene-Co-Occurrences-in-Literature_CID_129073603.json
Pralsetinib,co_occurs_with_gene,glial cell derived neurotrophic factor,Co-occurrence,Text Mining,PubChem Neighbor,C:/Users/suchi/dsc180/DSC180B-B23-Knowledge-Graph-and-Biomedical-Ontology/data/Chemical_Gene-Co-Occurrences-in-Literature_CID_129073603.json
Pralsetinib,co_occurs_with_gene,janus kinase 1,Co-occurrence,Text Mining,PubChem Neighbor,C:/Users/suchi/dsc180/DSC180B-B23-Knowledge-Graph-and-Biomedical-Ontology/data/Chemical_Gene-Co-Occurrences-in-Literature_CID_129073603.json
Pralsetinib,co_occurs_with_gene,glutamic--pyruvic transaminase,Co-occurrence,Text Mining,PubChem Neighbor,C:/Users/suchi/dsc180/DSC180B-B23-Knowledge-Graph-and-Biomedical-Ontology/data/Chemical_Gene-Co-Occurrences-in-Literature_CID_129073603.json
Pralsetinib,co_occurs_with_gene,isochorismatase domain containing 1,Co-occurrence,Text Mining,PubChem Neighbor,C:/Users/suchi/dsc180/DSC180B-B23-Knowledge-Graph-and-Biomedical-Ontology/data/Chemical_Gene-Co-Occurrences-in-Literature_CID_129073603.json
Pralsetinib,co_occurs_with_gene,forkhead box j3,Co-occurrence,Text Mining,PubChem Neighbor,C:/Users/suchi/dsc180/DSC180B-B23-Knowledge-Graph-and-Biomedical-Ontology/data/Chemical_Gene-Co-Occurrences-in-Literature_CID_129073603.json
Pralsetinib,co_occurs_with_gene,alk receptor tyrosine kinase,Co-occurrence,Text Mining,PubChem Neighbor,C:/Users/suchi/dsc180/DSC180B-B23-Knowledge-Graph-and-Biomedical-Ontology/data/Chemical_Gene-Co-Occurrences-in-Literature_CID_129073603.json
Pralsetinib,co_occurs_with_gene,run and fyve domain containing 1,Co-occurrence,Text Mining,PubChem Neighbor,C:/Users/suchi/dsc180/DSC180B-B23-Knowledge-Graph-and-Biomedical-Ontology/data/Chemical_Gene-Co-Occurrences-in-Literature_CID_129073603.json
Pralsetinib,co_occurs_with_gene,taste 2 receptor member 38,Co-occurrence,Text Mining,PubChem Neighbor,C:/Users/suchi/dsc180/DSC180B-B23-Knowledge-Graph-and-Biomedical-Ontology/data/Chemical_Gene-Co-Occurrences-in-Literature_CID_129073603.json
Pralsetinib,co_occurs_with_gene,thyroglobulin,Co-occurrence,Text Mining,PubChem Neighbor,C:/Users/suchi/dsc180/DSC180B-B23-Knowledge-Graph-and-Biomedical-Ontology/data/Chemical_Gene-Co-Occurrences-in-Literature_CID_129073603.json
Pralsetinib,co_occurs_with_gene,"growth factor, augmenter of liver regeneration",Co-occurrence,Text Mining,PubChem Neighbor,C:/Users/suchi/dsc180/DSC180B-B23-Knowledge-Graph-and-Biomedical-Ontology/data/Chemical_Gene-Co-Occurrences-in-Literature_CID_129073603.json
Pralsetinib,co_occurs_with_gene,transforming acidic coiled-coil containing protein 3,Co-occurrence,Text Mining,PubChem Neighbor,C:/Users/suchi/dsc180/DSC180B-B23-Knowledge-Graph-and-Biomedical-Ontology/data/Chemical_Gene-Co-Occurrences-in-Literature_CID_129073603.json
Pralsetinib,co_occurs_with_gene,neurotrophic receptor tyrosine kinase 3,Co-occurrence,Text Mining,PubChem Neighbor,C:/Users/suchi/dsc180/DSC180B-B23-Knowledge-Graph-and-Biomedical-Ontology/data/Chemical_Gene-Co-Occurrences-in-Literature_CID_129073603.json
Pralsetinib,co_occurs_with_gene,fibroblast growth factor receptor 1,Co-occurrence,Text Mining,PubChem Neighbor,C:/Users/suchi/dsc180/DSC180B-B23-Knowledge-Graph-and-Biomedical-Ontology/data/Chemical_Gene-Co-Occurrences-in-Literature_CID_129073603.json
Pralsetinib,co_occurs_with_gene,kinesin family member 13a,Co-occurrence,Text Mining,PubChem Neighbor,C:/Users/suchi/dsc180/DSC180B-B23-Knowledge-Graph-and-Biomedical-Ontology/data/Chemical_Gene-Co-Occurrences-in-Literature_CID_129073603.json
Pralsetinib,co_occurs_with_gene,single-strand-selective monofunctional uracil-dna glycosylase 1,Co-occurrence,Text Mining,PubChem Neighbor,C:/Users/suchi/dsc180/DSC180B-B23-Knowledge-Graph-and-Biomedical-Ontology/data/Chemical_Gene-Co-Occurrences-in-Literature_CID_129073603.json
Pralsetinib,co_occurs_with_gene,prominin 2,Co-occurrence,Text Mining,PubChem Neighbor,C:/Users/suchi/dsc180/DSC180B-B23-Knowledge-Graph-and-Biomedical-Ontology/data/Chemical_Gene-Co-Occurrences-in-Literature_CID_129073603.json
Pralsetinib,co_occurs_with_gene,protein lf2,Co-occurrence,Text Mining,PubChem Neighbor,C:/Users/suchi/dsc180/DSC180B-B23-Knowledge-Graph-and-Biomedical-Ontology/data/Chemical_Gene-Co-Occurrences-in-Literature_CID_129073603.json
Pralsetinib,co_occurs_with_gene,progesterone immunomodulatory binding factor 1,Co-occurrence,Text Mining,PubChem Neighbor,C:/Users/suchi/dsc180/DSC180B-B23-Knowledge-Graph-and-Biomedical-Ontology/data/Chemical_Gene-Co-Occurrences-in-Literature_CID_129073603.json
Pralsetinib,co_occurs_with_gene,neuregulin 1,Co-occurrence,Text Mining,PubChem Neighbor,C:/Users/suchi/dsc180/DSC180B-B23-Knowledge-Graph-and-Biomedical-Ontology/data/Chemical_Gene-Co-Occurrences-in-Literature_CID_129073603.json
Pralsetinib,co_occurs_with_gene,c1q and tnf related 6,Co-occurrence,Text Mining,PubChem Neighbor,C:/Users/suchi/dsc180/DSC180B-B23-Knowledge-Graph-and-Biomedical-Ontology/data/Chemical_Gene-Co-Occurrences-in-Literature_CID_129073603.json
Pralsetinib,co_occurs_with_gene,semaphorin 5a,Co-occurrence,Text Mining,PubChem Neighbor,C:/Users/suchi/dsc180/DSC180B-B23-Knowledge-Graph-and-Biomedical-Ontology/data/Chemical_Gene-Co-Occurrences-in-Literature_CID_129073603.json
Pralsetinib,co_occurs_with_gene,neuregulin 3,Co-occurrence,Text Mining,PubChem Neighbor,C:/Users/suchi/dsc180/DSC180B-B23-Knowledge-Graph-and-Biomedical-Ontology/data/Chemical_Gene-Co-Occurrences-in-Literature_CID_129073603.json
Pralsetinib,co_occurs_with_gene,estrogen receptor 1,Co-occurrence,Text Mining,PubChem Neighbor,C:/Users/suchi/dsc180/DSC180B-B23-Knowledge-Graph-and-Biomedical-Ontology/data/Chemical_Gene-Co-Occurrences-in-Literature_CID_129073603.json
Pralsetinib,co_occurs_with_gene,lf1,Co-occurrence,Text Mining,PubChem Neighbor,C:/Users/suchi/dsc180/DSC180B-B23-Knowledge-Graph-and-Biomedical-Ontology/data/Chemical_Gene-Co-Occurrences-in-Literature_CID_129073603.json
Pralsetinib,co_occurs_with_gene,spermine synthase,Co-occurrence,Text Mining,PubChem Neighbor,C:/Users/suchi/dsc180/DSC180B-B23-Knowledge-Graph-and-Biomedical-Ontology/data/Chemical_Gene-Co-Occurrences-in-Literature_CID_129073603.json
Pralsetinib,co_occurs_with_gene,calcyclin binding protein,Co-occurrence,Text Mining,PubChem Neighbor,C:/Users/suchi/dsc180/DSC180B-B23-Knowledge-Graph-and-Biomedical-Ontology/data/Chemical_Gene-Co-Occurrences-in-Literature_CID_129073603.json
Pralsetinib,co_occurs_with_gene,fms related receptor tyrosine kinase 3,Co-occurrence,Text Mining,PubChem Neighbor,C:/Users/suchi/dsc180/DSC180B-B23-Knowledge-Graph-and-Biomedical-Ontology/data/Chemical_Gene-Co-Occurrences-in-Literature_CID_129073603.json
Pralsetinib,co_occurs_with_gene,gli family zinc finger 1,Co-occurrence,Text Mining,PubChem Neighbor,C:/Users/suchi/dsc180/DSC180B-B23-Knowledge-Graph-and-Biomedical-Ontology/data/Chemical_Gene-Co-Occurrences-in-Literature_CID_129073603.json
Pralsetinib,co_occurs_with_gene,"dicer 1, ribonuclease iii",Co-occurrence,Text Mining,PubChem Neighbor,C:/Users/suchi/dsc180/DSC180B-B23-Knowledge-Graph-and-Biomedical-Ontology/data/Chemical_Gene-Co-Occurrences-in-Literature_CID_129073603.json
Pralsetinib,co_occurs_with_gene,coiled-coil domain containing 30,Co-occurrence,Text Mining,PubChem Neighbor,C:/Users/suchi/dsc180/DSC180B-B23-Knowledge-Graph-and-Biomedical-Ontology/data/Chemical_Gene-Co-Occurrences-in-Literature_CID_129073603.json
Pralsetinib,co_occurs_with_gene,siah e3 ubiquitin protein ligase 1,Co-occurrence,Text Mining,PubChem Neighbor,C:/Users/suchi/dsc180/DSC180B-B23-Knowledge-Graph-and-Biomedical-Ontology/data/Chemical_Gene-Co-Occurrences-in-Literature_CID_129073603.json
Pralsetinib,co_occurs_with_gene,ben domain containing 7,Co-occurrence,Text Mining,PubChem Neighbor,C:/Users/suchi/dsc180/DSC180B-B23-Knowledge-Graph-and-Biomedical-Ontology/data/Chemical_Gene-Co-Occurrences-in-Literature_CID_129073603.json
Pralsetinib,co_occurs_with_gene,serine/threonine kinase 11,Co-occurrence,Text Mining,PubChem Neighbor,C:/Users/suchi/dsc180/DSC180B-B23-Knowledge-Graph-and-Biomedical-Ontology/data/Chemical_Gene-Co-Occurrences-in-Literature_CID_129073603.json
Pralsetinib,co_occurs_with_gene,gins complex subunit 2,Co-occurrence,Text Mining,PubChem Neighbor,C:/Users/suchi/dsc180/DSC180B-B23-Knowledge-Graph-and-Biomedical-Ontology/data/Chemical_Gene-Co-Occurrences-in-Literature_CID_129073603.json
Pralsetinib,co_occurs_with_gene,elks/rab6-interacting/cast family member 1,Co-occurrence,Text Mining,PubChem Neighbor,C:/Users/suchi/dsc180/DSC180B-B23-Knowledge-Graph-and-Biomedical-Ontology/data/Chemical_Gene-Co-Occurrences-in-Literature_CID_129073603.json
Pralsetinib,co_occurs_with_gene,platelet derived growth factor receptor alpha,Co-occurrence,Text Mining,PubChem Neighbor,C:/Users/suchi/dsc180/DSC180B-B23-Knowledge-Graph-and-Biomedical-Ontology/data/Chemical_Gene-Co-Occurrences-in-Literature_CID_129073603.json
Pralsetinib,co_occurs_with_gene,fibroblast growth factor receptor 2,Co-occurrence,Text Mining,PubChem Neighbor,C:/Users/suchi/dsc180/DSC180B-B23-Knowledge-Graph-and-Biomedical-Ontology/data/Chemical_Gene-Co-Occurrences-in-Literature_CID_129073603.json
Pralsetinib,co_occurs_with_gene,erb-b2 receptor tyrosine kinase 3,Co-occurrence,Text Mining,PubChem Neighbor,C:/Users/suchi/dsc180/DSC180B-B23-Knowledge-Graph-and-Biomedical-Ontology/data/Chemical_Gene-Co-Occurrences-in-Literature_CID_129073603.json
Pralsetinib,co_occurs_with_gene,cd74 molecule,Co-occurrence,Text Mining,PubChem Neighbor,C:/Users/suchi/dsc180/DSC180B-B23-Knowledge-Graph-and-Biomedical-Ontology/data/Chemical_Gene-Co-Occurrences-in-Literature_CID_129073603.json
Pralsetinib,co_occurs_with_gene,cereblon,Co-occurrence,Text Mining,PubChem Neighbor,C:/Users/suchi/dsc180/DSC180B-B23-Knowledge-Graph-and-Biomedical-Ontology/data/Chemical_Gene-Co-Occurrences-in-Literature_CID_129073603.json
Pralsetinib,co_occurs_with_gene,alf transcription elongation factor 1,Co-occurrence,Text Mining,PubChem Neighbor,C:/Users/suchi/dsc180/DSC180B-B23-Knowledge-Graph-and-Biomedical-Ontology/data/Chemical_Gene-Co-Occurrences-in-Literature_CID_129073603.json
Pralsetinib,co_occurs_with_gene,podocalyxin like,Co-occurrence,Text Mining,PubChem Neighbor,C:/Users/suchi/dsc180/DSC180B-B23-Knowledge-Graph-and-Biomedical-Ontology/data/Chemical_Gene-Co-Occurrences-in-Literature_CID_129073603.json
Pralsetinib,co_occurs_with_gene,fms related receptor tyrosine kinase 4,Co-occurrence,Text Mining,PubChem Neighbor,C:/Users/suchi/dsc180/DSC180B-B23-Knowledge-Graph-and-Biomedical-Ontology/data/Chemical_Gene-Co-Occurrences-in-Literature_CID_129073603.json
Pralsetinib,co_occurs_with_gene,ankyrin 1,Co-occurrence,Text Mining,PubChem Neighbor,C:/Users/suchi/dsc180/DSC180B-B23-Knowledge-Graph-and-Biomedical-Ontology/data/Chemical_Gene-Co-Occurrences-in-Literature_CID_129073603.json
Pralsetinib,co_occurs_with_gene,somatostatin receptor 2,Co-occurrence,Text Mining,PubChem Neighbor,C:/Users/suchi/dsc180/DSC180B-B23-Knowledge-Graph-and-Biomedical-Ontology/data/Chemical_Gene-Co-Occurrences-in-Literature_CID_129073603.json
Pralsetinib,co_occurs_with_gene,discs large maguk scaffold protein 5,Co-occurrence,Text Mining,PubChem Neighbor,C:/Users/suchi/dsc180/DSC180B-B23-Knowledge-Graph-and-Biomedical-Ontology/data/Chemical_Gene-Co-Occurrences-in-Literature_CID_129073603.json
Pralsetinib,co_occurs_with_gene,agamous-like mads-box protein ap1,Co-occurrence,Text Mining,PubChem Neighbor,C:/Users/suchi/dsc180/DSC180B-B23-Knowledge-Graph-and-Biomedical-Ontology/data/Chemical_Gene-Co-Occurrences-in-Literature_CID_129073603.json
Pralsetinib,co_occurs_with_gene,bromodomain containing 4,Co-occurrence,Text Mining,PubChem Neighbor,C:/Users/suchi/dsc180/DSC180B-B23-Knowledge-Graph-and-Biomedical-Ontology/data/Chemical_Gene-Co-Occurrences-in-Literature_CID_129073603.json
Pralsetinib,co_occurs_with_gene,yes1 associated transcriptional regulator,Co-occurrence,Text Mining,PubChem Neighbor,C:/Users/suchi/dsc180/DSC180B-B23-Knowledge-Graph-and-Biomedical-Ontology/data/Chemical_Gene-Co-Occurrences-in-Literature_CID_129073603.json
Pralsetinib,co_occurs_with_gene,tripartite motif containing 33,Co-occurrence,Text Mining,PubChem Neighbor,C:/Users/suchi/dsc180/DSC180B-B23-Knowledge-Graph-and-Biomedical-Ontology/data/Chemical_Gene-Co-Occurrences-in-Literature_CID_129073603.json
Pralsetinib,co_occurs_with_gene,shc adaptor protein 1,Co-occurrence,Text Mining,PubChem Neighbor,C:/Users/suchi/dsc180/DSC180B-B23-Knowledge-Graph-and-Biomedical-Ontology/data/Chemical_Gene-Co-Occurrences-in-Literature_CID_129073603.json
Pralsetinib,co_occurs_with_gene,nk2 homeobox 1,Co-occurrence,Text Mining,PubChem Neighbor,C:/Users/suchi/dsc180/DSC180B-B23-Knowledge-Graph-and-Biomedical-Ontology/data/Chemical_Gene-Co-Occurrences-in-Literature_CID_129073603.json
Pralsetinib,co_occurs_with_gene,ets variant transcription factor 6,Co-occurrence,Text Mining,PubChem Neighbor,C:/Users/suchi/dsc180/DSC180B-B23-Knowledge-Graph-and-Biomedical-Ontology/data/Chemical_Gene-Co-Occurrences-in-Literature_CID_129073603.json
Pralsetinib,co_occurs_with_gene,poc1 centriolar protein b,Co-occurrence,Text Mining,PubChem Neighbor,C:/Users/suchi/dsc180/DSC180B-B23-Knowledge-Graph-and-Biomedical-Ontology/data/Chemical_Gene-Co-Occurrences-in-Literature_CID_129073603.json
Pralsetinib,co_occurs_with_gene,ubiquitin specific peptidase 8,Co-occurrence,Text Mining,PubChem Neighbor,C:/Users/suchi/dsc180/DSC180B-B23-Knowledge-Graph-and-Biomedical-Ontology/data/Chemical_Gene-Co-Occurrences-in-Literature_CID_129073603.json
Pralsetinib,co_occurs_with_gene,"bcar3 adaptor protein, nsp family member",Co-occurrence,Text Mining,PubChem Neighbor,C:/Users/suchi/dsc180/DSC180B-B23-Knowledge-Graph-and-Biomedical-Ontology/data/Chemical_Gene-Co-Occurrences-in-Literature_CID_129073603.json
Pralsetinib,co_occurs_with_gene,"hras proto-oncogene, gtpase",Co-occurrence,Text Mining,PubChem Neighbor,C:/Users/suchi/dsc180/DSC180B-B23-Knowledge-Graph-and-Biomedical-Ontology/data/Chemical_Gene-Co-Occurrences-in-Literature_CID_129073603.json
Pralsetinib,co_occurs_with_gene,atp binding cassette subfamily g member 2 (jr blood group),Co-occurrence,Text Mining,PubChem Neighbor,C:/Users/suchi/dsc180/DSC180B-B23-Knowledge-Graph-and-Biomedical-Ontology/data/Chemical_Gene-Co-Occurrences-in-Literature_CID_129073603.json
Pralsetinib,co_occurs_with_gene,cytochrome p450 family 2 subfamily j member 2,Co-occurrence,Text Mining,PubChem Neighbor,C:/Users/suchi/dsc180/DSC180B-B23-Knowledge-Graph-and-Biomedical-Ontology/data/Chemical_Gene-Co-Occurrences-in-Literature_CID_129073603.json
Pralsetinib,co_occurs_with_gene,platelet activating factor acetylhydrolase 1b regulatory subunit 1,Co-occurrence,Text Mining,PubChem Neighbor,C:/Users/suchi/dsc180/DSC180B-B23-Knowledge-Graph-and-Biomedical-Ontology/data/Chemical_Gene-Co-Occurrences-in-Literature_CID_129073603.json
Pralsetinib,co_occurs_with_gene,multiple inositol-polyphosphate phosphatase 1,Co-occurrence,Text Mining,PubChem Neighbor,C:/Users/suchi/dsc180/DSC180B-B23-Knowledge-Graph-and-Biomedical-Ontology/data/Chemical_Gene-Co-Occurrences-in-Literature_CID_129073603.json
Pralsetinib,co_occurs_with_gene,dicarbonyl and l-xylulose reductase,Co-occurrence,Text Mining,PubChem Neighbor,C:/Users/suchi/dsc180/DSC180B-B23-Knowledge-Graph-and-Biomedical-Ontology/data/Chemical_Gene-Co-Occurrences-in-Literature_CID_129073603.json
Pralsetinib,co_occurs_with_gene,insulin like growth factor 1 receptor,Co-occurrence,Text Mining,PubChem Neighbor,C:/Users/suchi/dsc180/DSC180B-B23-Knowledge-Graph-and-Biomedical-Ontology/data/Chemical_Gene-Co-Occurrences-in-Literature_CID_129073603.json
Pralsetinib,co_occurs_with_gene,"met proto-oncogene, receptor tyrosine kinase",Co-occurrence,Text Mining,PubChem Neighbor,C:/Users/suchi/dsc180/DSC180B-B23-Knowledge-Graph-and-Biomedical-Ontology/data/Chemical_Gene-Co-Occurrences-in-Literature_CID_129073603.json
Pralsetinib,co_occurs_with_gene,adam metallopeptidase domain 15,Co-occurrence,Text Mining,PubChem Neighbor,C:/Users/suchi/dsc180/DSC180B-B23-Knowledge-Graph-and-Biomedical-Ontology/data/Chemical_Gene-Co-Occurrences-in-Literature_CID_129073603.json
Pralsetinib,associated_with,Hypertension,Text Mining,Mention,PMID: 40331677.0,Literature_Abstracts
Pralsetinib,associated_with,Diarrhea,Text Mining,Mention,PMID: 40331677.0,Literature_Abstracts
Pralsetinib,associated_with,Hypertension,Text Mining,Mention,PMID: 40285824.0,Literature_Abstracts
Pralsetinib,associated_with,Anemia,Text Mining,Mention,PMID: 40285824.0,Literature_Abstracts
Pralsetinib,associated_with,Constipation,Text Mining,Mention,PMID: 40285824.0,Literature_Abstracts
Pralsetinib,associated_with,Diarrhea,Text Mining,Mention,PMID: 40016191.0,Literature_Abstracts
Pralsetinib,associated_with,Hypertension,Text Mining,Mention,PMID: 39836286.0,Literature_Abstracts
Pralsetinib,associated_with,Hypertension,Text Mining,Mention,PMID: 39630530.0,Literature_Abstracts
Pralsetinib,associated_with,Fatigue,Text Mining,Mention,PMID: 39630530.0,Literature_Abstracts
Pralsetinib,associated_with,Diarrhea,Text Mining,Mention,PMID: 40102262.0,Literature_Abstracts
Pralsetinib,associated_with,Hypertension,Text Mining,Mention,PMID: nan,Literature_Abstracts
Pralsetinib,associated_with,Anemia,Text Mining,Mention,PMID: 39563271.0,Literature_Abstracts
Pralsetinib,associated_with,Neutropenia,Text Mining,Mention,PMID: 39497173.0,Literature_Abstracts
Pralsetinib,associated_with,Hypertension,Text Mining,Mention,PMID: 39489747.0,Literature_Abstracts
Pralsetinib,associated_with,Neutropenia,Text Mining,Mention,PMID: 39489747.0,Literature_Abstracts
Pralsetinib,associated_with,Diarrhea,Text Mining,Mention,PMID: 39489747.0,Literature_Abstracts
Pralsetinib,associated_with,Hypertension,Text Mining,Mention,PMID: 39241296.0,Literature_Abstracts
Pralsetinib,associated_with,Neutropenia,Text Mining,Mention,PMID: 39241296.0,Literature_Abstracts
Pralsetinib,associated_with,Hypertension,Text Mining,Mention,PMID: 39137926.0,Literature_Abstracts
Pralsetinib,associated_with,Hypertension,Text Mining,Mention,PMID: 38772990.0,Literature_Abstracts
Pralsetinib,associated_with,Pneumonitis,Text Mining,Mention,PMID: 38453158.0,Literature_Abstracts
Pralsetinib,associated_with,Anemia,Text Mining,Mention,PMID: 38337106.0,Literature_Abstracts
Pralsetinib,associated_with,Pneumonitis,Text Mining,Mention,PMID: 37916501.0,Literature_Abstracts
Pralsetinib,associated_with,Neutropenia,Text Mining,Mention,PMID: 37218138.0,Literature_Abstracts
Pralsetinib,associated_with,Anemia,Text Mining,Mention,PMID: 37218138.0,Literature_Abstracts
Pralsetinib,associated_with,Pneumonitis,Text Mining,Mention,PMID: 37218138.0,Literature_Abstracts
Pralsetinib,associated_with,Neutropenia,Text Mining,Mention,PMID: 37603207.0,Literature_Abstracts
Pralsetinib,associated_with,Anemia,Text Mining,Mention,PMID: 37282666.0,Literature_Abstracts
Pralsetinib,associated_with,Fatigue,Text Mining,Mention,PMID: 36809657.0,Literature_Abstracts
Pralsetinib,associated_with,Hypertension,Text Mining,Mention,PMID: 36768635.0,Literature_Abstracts
Pralsetinib,associated_with,Hypertension,Text Mining,Mention,PMID: 36572992.0,Literature_Abstracts
Pralsetinib,associated_with,Neutropenia,Text Mining,Mention,PMID: 36572992.0,Literature_Abstracts
Pralsetinib,associated_with,Anemia,Text Mining,Mention,PMID: 36572992.0,Literature_Abstracts
Pralsetinib,associated_with,Pneumonitis,Text Mining,Mention,PMID: 36572992.0,Literature_Abstracts
Pralsetinib,associated_with,Hypertension,Text Mining,Mention,PMID: 36422787.0,Literature_Abstracts
Pralsetinib,associated_with,Hypertension,Text Mining,Mention,PMID: 35973665.0,Literature_Abstracts
Pralsetinib,associated_with,Neutropenia,Text Mining,Mention,PMID: 35973665.0,Literature_Abstracts
Pralsetinib,associated_with,Neutropenia,Text Mining,Mention,PMID: 35962206.0,Literature_Abstracts
Pralsetinib,associated_with,Anemia,Text Mining,Mention,PMID: 35962206.0,Literature_Abstracts
Pralsetinib,associated_with,Hypertension,Text Mining,Mention,PMID: 35587858.0,Literature_Abstracts
Pralsetinib,associated_with,Neutropenia,Text Mining,Mention,PMID: 35587858.0,Literature_Abstracts
Pralsetinib,associated_with,Hypertension,Text Mining,Mention,PMID: 34864862.0,Literature_Abstracts
Pralsetinib,associated_with,Hepatotoxicity,Text Mining,Mention,PMID: 34864862.0,Literature_Abstracts
Pralsetinib,associated_with,Fatigue,Text Mining,Mention,PMID: 34864862.0,Literature_Abstracts
Pralsetinib,associated_with,Hypertension,Text Mining,Mention,PMID: 34118198.0,Literature_Abstracts
Pralsetinib,associated_with,Neutropenia,Text Mining,Mention,PMID: 34118198.0,Literature_Abstracts
Pralsetinib,associated_with,Pneumonitis,Text Mining,Mention,PMID: 34118198.0,Literature_Abstracts
Pralsetinib,associated_with,Hypertension,Text Mining,Mention,PMID: 34118197.0,Literature_Abstracts
Pralsetinib,associated_with,Neutropenia,Text Mining,Mention,PMID: 34118197.0,Literature_Abstracts
Pralsetinib,associated_with,Hypertension,Text Mining,Mention,PMID: 34045295.0,Literature_Abstracts
Pralsetinib,associated_with,Pneumonitis,Text Mining,Mention,PMID: 34045295.0,Literature_Abstracts
Pralsetinib,associated_with,Hepatotoxicity,Text Mining,Mention,PMID: 34045295.0,Literature_Abstracts
